Const,Your Rating,Date Rated,Title,URL,Title Type,IMDb Rating,Runtime (mins),Year,Genres,Num Votes,Release Date,Directors
tt10016180,8,2022-03-19,The Little Things,https://www.imdb.com/title/tt10016180/,movie,6.3,128,2021,"Crime, Drama, Mystery, Thriller",102333,2021-01-28,John Lee Hancock
tt0100814,4,2021-07-26,Tremors,https://www.imdb.com/title/tt0100814/,movie,7.1,96,1990,"Comedy, Horror",139520,1990-01-19,Ron Underwood
tt0100935,9,2021-07-31,Wild at Heart,https://www.imdb.com/title/tt0100935/,movie,7.2,125,1990,"Comedy, Crime, Drama, Thriller",94085,1990-05-19,David Lynch
tt10095582,8,2022-07-04,The Tragedy of Macbeth,https://www.imdb.com/title/tt10095582/,movie,7.1,105,2021,"Drama, Mystery, Thriller",33995,2021-09-24,Joel Coen
tt1019452,6,2021-07-27,A Serious Man,https://www.imdb.com/title/tt1019452/,movie,7.0,106,2009,Drama,143326,2009-09-12,"Ethan Coen, Joel Coen"
tt0102467,9,2022-03-24,Monster in a Box,https://www.imdb.com/title/tt0102467/,movie,7.5,87,1992,"Comedy, Drama",841,1992-04-28,Nick Broomfield
tt1028528,8,2022-01-12,Death Proof,https://www.imdb.com/title/tt1028528/,movie,7.0,127,2007,"Action, Thriller",292121,2007-05-22,Quentin Tarantino
tt0102926,8,2021-12-31,The Silence of the Lambs,https://www.imdb.com/title/tt0102926/,movie,8.6,118,1991,"Crime, Drama, Thriller",1422943,1991-01-30,Jonathan Demme
tt10322274,7,2022-01-24,Schumacher,https://www.imdb.com/title/tt10322274/,movie,7.4,112,2021,"Documentary, Biography, Sport",23170,2021-09-15,"Hanns-Bruno Kammertöns, Vanessa Nöcker, Michael Wech"
tt10370710,7,2022-05-24,Verdens verste menneske,https://www.imdb.com/title/tt10370710/,movie,7.8,128,2021,"Comedy, Drama, Romance",64330,2021-02-04,Joachim Trier
tt0103874,8,2021-10-17,Dracula,https://www.imdb.com/title/tt0103874/,movie,7.4,128,1992,"Drama, Fantasy, Horror, Romance",218931,1992-11-10,Francis Ford Coppola
tt0104652,8,2021-07-30,Kurenai no buta,https://www.imdb.com/title/tt0104652/,movie,7.7,94,1992,"Animation, Adventure, Comedy, Fantasy",90273,1992-07-18,Hayao Miyazaki
tt0105236,8,2021-07-27,Reservoir Dogs,https://www.imdb.com/title/tt0105236/,movie,8.3,99,1992,"Crime, Thriller",1012832,1992-01-21,Quentin Tarantino
tt0105323,7,2021-07-30,Scent of a Woman,https://www.imdb.com/title/tt0105323/,movie,8.0,156,1992,Drama,296678,1992-12-23,Martin Brest
tt10574558,8,2021-11-24,Midnight Mass,https://www.imdb.com/title/tt10574558/,tvMiniSeries,7.7,450,2021,"Drama, Fantasy, Horror, Mystery",115822,2021-09-22,
tt10577922,9,2022-06-08,Jordan Klassen: Virtuous Circle,https://www.imdb.com/title/tt10577922/,musicVideo,8.2,,2019,"Drama, Music",9,2019-06-06,Farhad Ghaderi
tt10618286,7,2022-04-05,Mank,https://www.imdb.com/title/tt10618286/,movie,6.8,131,2020,"Biography, Comedy, Drama",75548,2020-11-13,David Fincher
tt10648342,7,2022-07-31,Thor: Love and Thunder,https://www.imdb.com/title/tt10648342/,movie,6.3,118,2022,"Action, Adventure, Comedy, Fantasy, Romance, Sci-Fi",304105,2022-06-23,Taika Waititi
tt10706602,7,2022-07-01,Colectiv,https://www.imdb.com/title/tt10706602/,movie,8.1,109,2019,"Documentary, Crime",12304,2019-09-04,Alexander Nanau
tt0107692,7,2022-10-23,Jûbê ninpûchô,https://www.imdb.com/title/tt0107692/,movie,7.8,94,1993,"Animation, Action, Adventure, Fantasy, Thriller",37843,1993-06-05,Yoshiaki Kawajiri
tt0108052,8,2022-06-22,Schindler's List,https://www.imdb.com/title/tt0108052/,movie,9.0,195,1993,"Biography, Drama, History",1347153,1993-11-30,Steven Spielberg
tt0108598,8,2022-10-23,The Wrong Trousers,https://www.imdb.com/title/tt0108598/,short,8.3,29,1993,"Animation, Short, Comedy, Crime, Family, Mystery, Sci-Fi",54619,1993-09-04,Nick Park
tt10872600,5,2022-06-21,Spider-Man: No Way Home,https://www.imdb.com/title/tt10872600/,movie,8.3,148,2021,"Action, Adventure, Fantasy, Sci-Fi",742060,2021-12-13,Jon Watts
tt10944760,6,2021-12-31,Titane,https://www.imdb.com/title/tt10944760/,movie,6.6,108,2021,"Drama, Horror, Sci-Fi, Thriller",45504,2021-07-13,Julia Ducournau
tt0109707,7,2022-06-22,Ed Wood,https://www.imdb.com/title/tt0109707/,movie,7.8,127,1994,"Biography, Comedy, Drama",177059,1994-09-24,Tim Burton
tt0109830,8,2021-07-30,Forrest Gump,https://www.imdb.com/title/tt0109830/,movie,8.8,142,1994,"Drama, Romance",2060917,1994-06-23,Robert Zemeckis
tt0109838,7,2021-09-22,Freaked,https://www.imdb.com/title/tt0109838/,movie,6.3,86,1993,"Comedy, Sci-Fi",7426,1993-04-24,"Alex Winter, Tom Stern"
tt11003218,6,2021-07-30,Pig,https://www.imdb.com/title/tt11003218/,movie,6.9,92,2021,"Drama, Mystery",73903,2021-07-16,Michael Sarnoski
tt0110413,8,2022-04-05,Léon,https://www.imdb.com/title/tt0110413/,movie,8.5,110,1994,"Action, Crime, Drama, Thriller",1154252,1994-09-14,Luc Besson
tt0110912,9,2021-07-27,Pulp Fiction,https://www.imdb.com/title/tt0110912/,movie,8.9,154,1994,"Crime, Drama",2035785,1994-05-21,Quentin Tarantino
tt0111161,8,2022-06-22,The Shawshank Redemption,https://www.imdb.com/title/tt0111161/,movie,9.3,142,1994,Drama,2659740,1994-09-10,Frank Darabont
tt1125849,6,2022-06-08,The Wrestler,https://www.imdb.com/title/tt1125849/,movie,7.9,109,2008,"Drama, Sport",306768,2008-09-05,Darren Aronofsky
tt11271038,4,2022-01-18,Licorice Pizza,https://www.imdb.com/title/tt11271038/,movie,7.2,133,2021,"Comedy, Drama, Romance",111313,2021-11-20,Paul Thomas Anderson
tt11286314,10,2021-12-29,Don't Look Up,https://www.imdb.com/title/tt11286314/,movie,7.2,138,2021,"Comedy, Drama, Sci-Fi",531370,2021-12-05,Adam McKay
tt1130884,8,2022-05-14,Shutter Island,https://www.imdb.com/title/tt1130884/,movie,8.2,138,2010,"Mystery, Thriller",1302357,2010-02-13,Martin Scorsese
tt0113409,6,2022-05-22,In the Mouth of Madness,https://www.imdb.com/title/tt0113409/,movie,7.1,95,1994,"Drama, Fantasy, Horror, Mystery, Thriller",70817,1994-08-10,John Carpenter
tt0113497,7,2021-07-27,Jumanji,https://www.imdb.com/title/tt0113497/,movie,7.0,104,1995,"Adventure, Comedy, Family, Fantasy",346043,1995-12-15,Joe Johnston
tt0113568,8,2022-06-10,Kôkaku Kidôtai,https://www.imdb.com/title/tt0113568/,movie,7.9,83,1995,"Animation, Action, Crime, Drama, Mystery, Sci-Fi, Thriller",143623,1995-09-23,Mamoru Oshii
tt1136608,7,2021-12-31,District 9,https://www.imdb.com/title/tt1136608/,movie,7.9,112,2009,"Action, Sci-Fi, Thriller",681359,2009-08-13,Neill Blomkamp
tt0113799,8,2022-05-05,Memorîzu,https://www.imdb.com/title/tt0113799/,movie,7.5,113,1995,"Animation, Sci-Fi, Thriller",18648,1995-12-23,"Katsuhiro Ôtomo, Tensai Okamura, Kôji Morimoto"
tt11388580,9,2021-07-29,Miss Americana,https://www.imdb.com/title/tt11388580/,movie,7.4,85,2020,"Documentary, Biography, Music",20028,2020-01-23,Lana Wilson
tt11422728,3,2022-07-16,"Summer of Soul (...Or, When the Revolution Could Not Be Televised)",https://www.imdb.com/title/tt11422728/,movie,8.0,118,2021,"Documentary, Music",11848,2021-01-28,Questlove
tt0114369,9,2021-07-27,Se7en,https://www.imdb.com/title/tt0114369/,movie,8.6,127,1995,"Crime, Drama, Mystery, Thriller",1638976,1995-09-15,David Fincher
tt0114746,6,2022-10-09,Twelve Monkeys,https://www.imdb.com/title/tt0114746/,movie,8.0,129,1995,"Mystery, Sci-Fi, Thriller",617614,1995-12-08,Terry Gilliam
tt0114814,9,2021-08-04,The Usual Suspects,https://www.imdb.com/title/tt0114814/,movie,8.5,106,1995,"Crime, Drama, Mystery, Thriller",1080615,1995-01-25,Bryan Singer
tt1149362,6,2021-07-27,Das weiße Band - Eine deutsche Kindergeschichte,https://www.imdb.com/title/tt1149362/,movie,7.8,144,2009,"Drama, Mystery, Thriller",74046,2009-05-21,Michael Haneke
tt1160419,8,2021-10-23,Dune: Part One,https://www.imdb.com/title/tt1160419/,movie,8.0,155,2021,"Action, Adventure, Drama, Sci-Fi",623228,2021-09-03,Denis Villeneuve
tt11614054,7,2022-07-09,Mayor,https://www.imdb.com/title/tt11614054/,movie,7.5,83,2020,Documentary,500,2020-03-05,David Osit
tt0116282,8,2022-01-31,Fargo,https://www.imdb.com/title/tt0116282/,movie,8.1,98,1996,"Crime, Thriller",676459,1996-03-08,"Ethan Coen, Joel Coen"
tt1164999,7,2021-07-27,Biutiful,https://www.imdb.com/title/tt1164999/,movie,7.4,148,2010,"Drama, Romance",91217,2010-05-17,Alejandro G. Iñárritu
tt11703050,5,2022-01-20,The House,https://www.imdb.com/title/tt11703050/,movie,6.8,97,2022,"Animation, Comedy, Drama, Fantasy, Horror, Mystery, Thriller",16294,2022-01-14,"Niki Lindroth von Bahr, Emma De Swaef, Marc James Roels, Paloma Baeza"
tt1173745,6,2021-07-30,Revanche,https://www.imdb.com/title/tt1173745/,movie,7.5,121,2008,"Crime, Drama, Romance, Thriller",14870,2008-02-10,Götz Spielmann
tt0117381,8,2021-08-11,Primal Fear,https://www.imdb.com/title/tt0117381/,movie,7.7,129,1996,"Crime, Drama, Mystery, Thriller",218055,1996-04-01,Gregory Hoblit
tt11790780,8,2022-06-01,The Alpinist,https://www.imdb.com/title/tt11790780/,movie,7.9,92,2021,Documentary,9368,2021-09-07,"Nick Rosen, Peter Mortimer"
tt1179904,7,2021-07-27,Paranormal Activity,https://www.imdb.com/title/tt1179904/,movie,6.3,86,2007,"Horror, Mystery",241227,2007-10-14,Oren Peli
tt1179933,8,2021-07-30,10 Cloverfield Lane,https://www.imdb.com/title/tt1179933/,movie,7.2,103,2016,"Drama, Horror, Mystery, Sci-Fi, Thriller",328006,2016-03-08,Dan Trachtenberg
tt1182345,7,2022-04-06,Moon,https://www.imdb.com/title/tt1182345/,movie,7.8,97,2009,"Drama, Mystery, Sci-Fi",359659,2009-01-23,Duncan Jones
tt11874226,8,2021-07-29,American Utopia,https://www.imdb.com/title/tt11874226/,movie,8.2,105,2020,"Documentary, Music, Musical",4653,2020-09-10,Spike Lee
tt1189073,5,2021-07-27,La piel que habito,https://www.imdb.com/title/tt1189073/,movie,7.6,120,2011,"Drama, Horror, Mystery, Thriller",153626,2011-05-19,Pedro Almodóvar
tt0119116,7,2022-01-16,The Fifth Element,https://www.imdb.com/title/tt0119116/,movie,7.6,126,1997,"Action, Adventure, Sci-Fi",473750,1997-05-07,Luc Besson
tt1193138,5,2021-07-27,Up in the Air,https://www.imdb.com/title/tt1193138/,movie,7.4,109,2009,"Comedy, Drama, Romance",336570,2009-09-05,Jason Reitman
tt0119654,9,2021-11-15,Men in Black,https://www.imdb.com/title/tt0119654/,movie,7.3,98,1997,"Action, Adventure, Comedy, Sci-Fi",568061,1997-06-25,Barry Sonnenfeld
tt0119698,9,2021-07-26,Mononoke-hime,https://www.imdb.com/title/tt0119698/,movie,8.4,134,1997,"Animation, Action, Adventure, Fantasy",393293,1997-07-12,Hayao Miyazaki
tt0120382,7,2021-07-30,The Truman Show,https://www.imdb.com/title/tt0120382/,movie,8.2,103,1998,"Comedy, Drama",1072601,1998-06-01,Peter Weir
tt0120601,9,2021-07-27,Being John Malkovich,https://www.imdb.com/title/tt0120601/,movie,7.8,113,1999,"Comedy, Drama, Fantasy",336129,1999-09-02,Spike Jonze
tt0120689,8,2022-06-22,The Green Mile,https://www.imdb.com/title/tt0120689/,movie,8.6,189,1999,"Crime, Drama, Fantasy, Mystery",1292378,1999-12-06,Frank Darabont
tt0120735,7,2022-01-16,"Lock, Stock and Two Smoking Barrels",https://www.imdb.com/title/tt0120735/,movie,8.2,107,1998,"Action, Comedy, Crime",581342,1998-08-23,Guy Ritchie
tt0120737,8,2021-08-16,The Lord of the Rings: The Fellowship of the Ring,https://www.imdb.com/title/tt0120737/,movie,8.8,178,2001,"Action, Adventure, Drama, Fantasy",1862787,2001-12-10,Peter Jackson
tt0120815,7,2022-06-22,Saving Private Ryan,https://www.imdb.com/title/tt0120815/,movie,8.6,169,1998,"Drama, War",1382343,1998-07-21,Steven Spielberg
tt1211837,7,2021-08-01,Doctor Strange,https://www.imdb.com/title/tt1211837/,movie,7.5,115,2016,"Action, Adventure, Fantasy, Sci-Fi",738406,2016-10-13,Scott Derrickson
tt0121955,8,2021-07-29,South Park,https://www.imdb.com/title/tt0121955/,tvSeries,8.7,22,1997,"Animation, Comedy",368489,1997-08-13,
tt12286896,7,2021-07-28,Chelovek iz Podolska,https://www.imdb.com/title/tt12286896/,movie,6.8,92,2020,Drama,667,2020-09-16,Semyon Serzin
tt1250777,7,2022-09-20,Kick-Ass,https://www.imdb.com/title/tt1250777/,movie,7.6,117,2010,"Action, Comedy, Crime",562988,2010-03-12,Matthew Vaughn
tt1259521,8,2021-07-27,The Cabin in the Woods,https://www.imdb.com/title/tt1259521/,movie,7.0,95,2011,"Horror, Mystery, Thriller",418562,2011-12-11,Drew Goddard
tt1276104,6,2021-11-05,Looper,https://www.imdb.com/title/tt1276104/,movie,7.4,119,2012,"Action, Drama, Sci-Fi, Thriller",575897,2012-09-06,Rian Johnson
tt0128445,8,2022-04-30,Rushmore,https://www.imdb.com/title/tt0128445/,movie,7.6,93,1998,"Comedy, Drama, Romance",186292,1998-09-17,Wes Anderson
tt0129167,8,2021-08-16,The Iron Giant,https://www.imdb.com/title/tt0129167/,movie,8.1,86,1999,"Animation, Action, Adventure, Comedy, Drama, Family, Sci-Fi",197736,1999-07-31,Brad Bird
tt1302006,8,2021-07-28,The Irishman,https://www.imdb.com/title/tt1302006/,movie,7.8,209,2019,"Biography, Crime, Drama",385858,2019-09-27,Martin Scorsese
tt1305806,8,2021-07-27,El secreto de sus ojos,https://www.imdb.com/title/tt1305806/,movie,8.2,129,2009,"Drama, Mystery, Romance, Thriller",209995,2009-08-13,Juan José Campanella
tt13322726,7,2022-08-07,Kapitan Volkonogov bezhal,https://www.imdb.com/title/tt13322726/,movie,7.2,120,2021,"Drama, Thriller",489,2021-09-07,"Aleksey Chupov, Natasha Merkulova"
tt0133240,6,2021-12-31,Treasure Planet,https://www.imdb.com/title/tt0133240/,movie,7.2,95,2002,"Animation, Adventure, Family, Fantasy, Sci-Fi",119462,2002-11-05,"Ron Clements, John Musker"
tt0134119,6,2021-09-12,The Talented Mr. Ripley,https://www.imdb.com/title/tt0134119/,movie,7.4,139,1999,"Crime, Drama, Thriller",213059,1999-12-12,Anthony Minghella
tt1343092,4,2022-09-20,The Great Gatsby,https://www.imdb.com/title/tt1343092/,movie,7.2,143,2013,"Drama, Romance",543749,2013-05-01,Baz Luhrmann
tt0137523,10,2021-08-11,Fight Club,https://www.imdb.com/title/tt0137523/,movie,8.8,139,1999,Drama,2104924,1999-09-10,David Fincher
tt1375666,9,2021-07-27,Inception,https://www.imdb.com/title/tt1375666/,movie,8.8,148,2010,"Action, Adventure, Sci-Fi, Thriller",2332802,2010-07-08,Christopher Nolan
tt1392190,9,2021-08-05,Mad Max: Fury Road,https://www.imdb.com/title/tt1392190/,movie,8.1,120,2015,"Action, Adventure, Sci-Fi, Thriller",996587,2015-05-07,George Miller
tt14039582,9,2022-06-13,Doraibu mai kâ,https://www.imdb.com/title/tt14039582/,movie,7.6,179,2021,Drama,49804,2021-07-11,Ryûsuke Hamaguchi
tt0144084,8,2021-11-05,American Psycho,https://www.imdb.com/title/tt0144084/,movie,7.6,102,2000,"Crime, Drama, Horror",611006,2000-01-21,Mary Harron
tt1441395,7,2021-07-26,Under the Skin,https://www.imdb.com/title/tt1441395/,movie,6.3,108,2013,"Drama, Horror, Mystery, Sci-Fi, Thriller",144861,2013-08-29,Jonathan Glazer
tt14505430,8,2022-07-17,Ascension,https://www.imdb.com/title/tt14505430/,movie,7.0,97,2021,Documentary,3377,2021-06-12,Jessica Kingdon
tt1465522,7,2021-07-29,Tucker and Dale vs Evil,https://www.imdb.com/title/tt1465522/,movie,7.5,89,2010,"Comedy, Horror",181265,2010-01-22,Eli Craig
tt1504320,6,2021-07-27,The King's Speech,https://www.imdb.com/title/tt1504320/,movie,8.0,118,2010,"Biography, Drama, History",680242,2010-09-06,Tom Hooper
tt15085794,7,2022-01-25,Untold: Deal with the Devil,https://www.imdb.com/title/tt15085794/,movie,7.3,77,2021,"Documentary, Crime, Sport",2481,2021-08-17,Laura Brownson
tt15101938,9,2022-01-24,Untold: Breaking Point,https://www.imdb.com/title/tt15101938/,movie,7.6,68,2021,"Documentary, Sport",2978,2021-09-07,"Chapman Way, Maclain Way"
tt15180952,7,2022-09-22,Film balkonowy,https://www.imdb.com/title/tt15180952/,movie,7.6,100,2021,Documentary,702,2021-08-07,Pawel Lozinski
tt1527186,5,2021-10-28,Melancholia,https://www.imdb.com/title/tt1527186/,movie,7.1,135,2011,"Drama, Sci-Fi",183674,2011-05-18,Lars von Trier
tt1535109,8,2021-07-30,Captain Phillips,https://www.imdb.com/title/tt1535109/,movie,7.8,134,2013,"Action, Biography, Crime, Drama, Thriller",460229,2013-09-27,Paul Greengrass
tt0156887,5,2022-07-03,Pâfekuto burû,https://www.imdb.com/title/tt0156887/,movie,8.0,81,1997,"Animation, Crime, Drama, Mystery, Thriller",77055,1997-08-05,Satoshi Kon
tt1587707,8,2022-09-18,Exit Through the Gift Shop,https://www.imdb.com/title/tt1587707/,movie,8.0,87,2010,"Documentary, Comedy, Crime, History",66651,2010-01-24,Banksy
tt1631867,8,2021-08-05,Edge of Tomorrow,https://www.imdb.com/title/tt1631867/,movie,7.9,113,2014,"Action, Adventure, Sci-Fi",676100,2014-05-28,Doug Liman
tt1638355,6,2021-08-16,The Man from U.N.C.L.E.,https://www.imdb.com/title/tt1638355/,movie,7.2,116,2015,"Action, Adventure, Comedy",308465,2015-08-02,Guy Ritchie
tt1663202,8,2022-04-05,The Revenant,https://www.imdb.com/title/tt1663202/,movie,8.0,156,2015,"Action, Adventure, Drama, History, Western",799832,2015-12-16,Alejandro G. Iñárritu
tt0166924,8,2021-07-28,Mulholland Dr.,https://www.imdb.com/title/tt0166924/,movie,7.9,147,2001,"Drama, Mystery, Thriller",355483,2001-05-16,David Lynch
tt0167260,7,2022-06-22,The Lord of the Rings: The Return of the King,https://www.imdb.com/title/tt0167260/,movie,9.0,201,2003,"Action, Adventure, Drama, Fantasy",1833942,2003-12-01,Peter Jackson
tt0167261,7,2021-08-17,The Lord of the Rings: The Two Towers,https://www.imdb.com/title/tt0167261/,movie,8.8,179,2002,"Action, Adventure, Drama, Fantasy",1655970,2002-12-05,Peter Jackson
tt1675434,7,2022-03-19,Intouchables,https://www.imdb.com/title/tt1675434/,movie,8.5,112,2011,"Biography, Comedy, Drama",852923,2011-09-23,"Olivier Nakache, Éric Toledano"
tt0169547,8,2022-01-27,American Beauty,https://www.imdb.com/title/tt0169547/,movie,8.4,122,1999,Drama,1150899,1999-09-08,Sam Mendes
tt17041964,9,2022-07-03,Navalny,https://www.imdb.com/title/tt17041964/,movie,7.5,98,2022,"Documentary, Biography",13978,2022-01-25,Daniel Roher
tt1706620,6,2022-06-21,Snowpiercer,https://www.imdb.com/title/tt1706620/,movie,7.1,126,2013,"Action, Sci-Fi, Thriller",361149,2013-07-29,Bong Joon Ho
tt0172495,7,2022-06-22,Gladiator,https://www.imdb.com/title/tt0172495/,movie,8.5,155,2000,"Action, Adventure, Drama",1490695,2000-05-01,Ridley Scott
tt1736633,5,2022-09-05,"Oslo, 31. august",https://www.imdb.com/title/tt1736633/,movie,7.6,95,2011,Drama,25614,2011-05-18,Joachim Trier
tt1748122,7,2022-03-19,Moonrise Kingdom,https://www.imdb.com/title/tt1748122/,movie,7.8,94,2012,"Comedy, Drama, Romance",350058,2012-05-16,Wes Anderson
tt1798709,9,2022-04-05,Her,https://www.imdb.com/title/tt1798709/,movie,8.0,126,2013,"Drama, Romance, Sci-Fi",610751,2013-10-12,Spike Jonze
tt0180093,9,2021-07-27,Requiem for a Dream,https://www.imdb.com/title/tt0180093/,movie,8.3,102,2000,Drama,838637,2000-05-14,Darren Aronofsky
tt1853728,8,2021-08-04,Django Unchained,https://www.imdb.com/title/tt1853728/,movie,8.4,165,2012,"Drama, Western",1540769,2012-12-11,Quentin Tarantino
tt1856010,8,2021-07-27,House of Cards,https://www.imdb.com/title/tt1856010/,tvSeries,8.7,51,2013,Drama,503359,2013-02-01,
tt1856101,5,2021-08-12,Blade Runner 2049,https://www.imdb.com/title/tt1856101/,movie,8.0,164,2017,"Action, Drama, Mystery, Sci-Fi, Thriller",566778,2017-10-03,Denis Villeneuve
tt1865505,8,2021-07-30,Song of the Sea,https://www.imdb.com/title/tt1865505/,movie,8.0,93,2014,"Animation, Adventure, Drama, Family, Fantasy",58751,2014-09-06,Tomm Moore
tt1877830,1,2022-05-05,The Batman,https://www.imdb.com/title/tt1877830/,movie,7.9,176,2022,"Action, Crime, Drama, Thriller",618821,2022-03-01,Matt Reeves
tt1895587,7,2022-06-22,Spotlight,https://www.imdb.com/title/tt1895587/,movie,8.1,129,2015,"Biography, Crime, Drama",469028,2015-09-03,Tom McCarthy
tt0190590,7,2021-07-27,"O Brother, Where Art Thou?",https://www.imdb.com/title/tt0190590/,movie,7.7,107,2000,"Adventure, Comedy, Crime, Music",312419,2000-05-13,"Ethan Coen, Joel Coen"
tt1992935,9,2022-06-27,Mononoke,https://www.imdb.com/title/tt1992935/,tvMiniSeries,8.3,25,2007,"Animation, Fantasy, Horror, Mystery",2324,2007-07-12,
tt2013293,7,2022-03-25,Kaze tachinu,https://www.imdb.com/title/tt2013293/,movie,7.7,126,2013,"Animation, Biography, Drama, Romance, War",86480,2013-07-20,Hayao Miyazaki
tt2015381,7,2022-03-19,Guardians of the Galaxy,https://www.imdb.com/title/tt2015381/,movie,8.0,121,2014,"Action, Adventure, Comedy, Sci-Fi",1171486,2014-07-21,James Gunn
tt2024544,3,2022-06-20,12 Years a Slave,https://www.imdb.com/title/tt2024544/,movie,8.1,134,2013,"Biography, Drama, History",699166,2013-08-30,Steve McQueen
tt2042568,6,2022-03-28,Inside Llewyn Davis,https://www.imdb.com/title/tt2042568/,movie,7.4,104,2013,"Drama, Music",154739,2013-05-19,"Ethan Coen, Joel Coen"
tt0206634,6,2022-06-21,Children of Men,https://www.imdb.com/title/tt0206634/,movie,7.9,109,2006,"Action, Drama, Sci-Fi, Thriller",500615,2006-09-03,Alfonso Cuarón
tt2084970,4,2022-09-20,The Imitation Game,https://www.imdb.com/title/tt2084970/,movie,8.0,114,2014,"Biography, Drama, Thriller, War",766578,2014-08-29,Morten Tyldum
tt2085059,9,2022-07-14,Black Mirror,https://www.imdb.com/title/tt2085059/,tvSeries,8.8,60,2011,"Drama, Mystery, Sci-Fi, Thriller",542156,2011-12-04,
tt0209144,9,2021-07-27,Memento,https://www.imdb.com/title/tt0209144/,movie,8.4,113,2000,"Mystery, Thriller",1232184,2000-09-05,Christopher Nolan
tt2096673,8,2021-12-31,Inside Out,https://www.imdb.com/title/tt2096673/,movie,8.2,95,2015,"Animation, Adventure, Comedy, Drama, Family, Fantasy",709621,2015-05-18,"Pete Docter, Ronnie Del Carmen"
tt2119532,4,2022-07-09,Hacksaw Ridge,https://www.imdb.com/title/tt2119532/,movie,8.1,139,2016,"Biography, Drama, History, War",522271,2016-09-04,Mel Gibson
tt0213338,10,2021-07-27,Kaubôi bibappu,https://www.imdb.com/title/tt0213338/,tvSeries,8.9,24,1998,"Animation, Action, Adventure, Comedy, Drama, Sci-Fi",119360,1998-04-03,
tt0021749,5,2022-07-29,City Lights,https://www.imdb.com/title/tt0021749/,movie,8.5,87,1931,"Comedy, Drama, Romance",184841,1931-01-30,Charles Chaplin
tt0219822,7,2021-07-29,Human Nature,https://www.imdb.com/title/tt0219822/,movie,6.4,96,2001,"Comedy, Drama",18419,2001-05-18,Michel Gondry
tt2234003,7,2021-07-26,Calvary,https://www.imdb.com/title/tt2234003/,movie,7.4,102,2014,"Crime, Drama, Mystery",59917,2014-01-19,John Michael McDonagh
tt2267998,9,2021-07-30,Gone Girl,https://www.imdb.com/title/tt2267998/,movie,8.1,149,2014,"Drama, Mystery, Thriller",977039,2014-09-26,David Fincher
tt2278388,10,2021-09-27,The Grand Budapest Hotel,https://www.imdb.com/title/tt2278388/,movie,8.1,99,2014,"Adventure, Comedy, Crime",804074,2014-02-06,Wes Anderson
tt0230011,7,2022-02-25,Atlantis: The Lost Empire,https://www.imdb.com/title/tt0230011/,movie,6.9,95,2001,"Animation, Action, Adventure, Family, Fantasy, Sci-Fi",120922,2001-06-02,"Gary Trousdale, Kirk Wise"
tt2316411,8,2022-05-05,Enemy,https://www.imdb.com/title/tt2316411/,movie,6.9,91,2013,"Drama, Mystery, Thriller",194752,2013-09-08,Denis Villeneuve
tt2321549,7,2021-09-26,The Babadook,https://www.imdb.com/title/tt2321549/,movie,6.8,94,2014,"Horror, Mystery",225563,2014-01-17,Jennifer Kent
tt2358891,7,2022-09-11,La grande bellezza,https://www.imdb.com/title/tt2358891/,movie,7.7,141,2013,Drama,91312,2013-05-21,Paolo Sorrentino
tt2395427,8,2021-12-31,Avengers: Age of Ultron,https://www.imdb.com/title/tt2395427/,movie,7.3,141,2015,"Action, Adventure, Sci-Fi",859262,2015-04-13,Joss Whedon
tt2400463,7,2022-05-24,The Invitation,https://www.imdb.com/title/tt2400463/,movie,6.6,100,2015,"Drama, Horror, Mystery, Thriller",109916,2015-03-13,Karyn Kusama
tt2401878,8,2021-07-28,Anomalisa,https://www.imdb.com/title/tt2401878/,movie,7.2,90,2015,"Animation, Comedy, Drama, Romance",72259,2015-09-04,"Duke Johnson, Charlie Kaufman"
tt0245429,9,2021-07-30,Sen to Chihiro no Kamikakushi,https://www.imdb.com/title/tt0245429/,movie,8.6,125,2001,"Animation, Adventure, Family, Fantasy, Mystery",757440,2001-07-20,Hayao Miyazaki
tt0246578,9,2021-07-27,Donnie Darko,https://www.imdb.com/title/tt0246578/,movie,8.0,113,2001,"Drama, Mystery, Sci-Fi, Thriller",799492,2001-01-19,Richard Kelly
tt2494362,8,2022-05-22,Bone Tomahawk,https://www.imdb.com/title/tt2494362/,movie,7.1,132,2015,"Drama, Horror, Western",102755,2015-10-01,S. Craig Zahler
tt0253474,6,2022-02-01,The Pianist,https://www.imdb.com/title/tt0253474/,movie,8.5,150,2002,"Biography, Drama, Music, War",826886,2002-05-24,Roman Polanski
tt2543164,7,2022-05-05,Arrival,https://www.imdb.com/title/tt2543164/,movie,7.9,116,2016,"Drama, Mystery, Sci-Fi",690498,2016-09-01,Denis Villeneuve
tt2562232,9,2022-04-13,Birdman or (The Unexpected Virtue of Ignorance),https://www.imdb.com/title/tt2562232/,movie,7.7,119,2014,"Comedy, Drama",629014,2014-08-27,Alejandro G. Iñárritu
tt2582802,9,2022-03-12,Whiplash,https://www.imdb.com/title/tt2582802/,movie,8.5,106,2014,"Drama, Music",850001,2014-01-16,Damien Chazelle
tt2584384,5,2022-09-20,Jojo Rabbit,https://www.imdb.com/title/tt2584384/,movie,7.9,108,2019,"Comedy, Drama, War",386210,2019-09-08,Taika Waititi
tt0265666,8,2021-10-04,The Royal Tenenbaums,https://www.imdb.com/title/tt0265666/,movie,7.6,110,2001,"Comedy, Drama",293195,2001-10-05,Wes Anderson
tt0266697,8,2021-07-27,Kill Bill: Vol. 1,https://www.imdb.com/title/tt0266697/,movie,8.2,111,2003,"Action, Crime, Drama, Thriller",1109868,2003-09-29,Quentin Tarantino
tt0268126,9,2021-07-28,Adaptation.,https://www.imdb.com/title/tt0268126/,movie,7.7,115,2002,"Comedy, Drama",193398,2002-12-03,Spike Jonze
tt2713180,7,2022-03-19,Fury,https://www.imdb.com/title/tt2713180/,movie,7.5,134,2014,"Action, Drama, War",489280,2014-10-15,David Ayer
tt0275277,6,2022-04-18,Cowboy Bebop: Tengoku no tobira,https://www.imdb.com/title/tt0275277/,movie,7.8,115,2001,"Animation, Action, Crime, Drama, Sci-Fi",49198,2001-09-01,"Hiroyuki Okiura, Shin'ichirô Watanabe, Yoshiyuki Takei, Tensai Okamura"
tt2798920,8,2021-07-26,Annihilation,https://www.imdb.com/title/tt2798920/,movie,6.8,115,2018,"Adventure, Drama, Horror, Mystery, Sci-Fi, Thriller",326127,2018-02-13,Alex Garland
tt2802154,8,2022-05-07,Leviafan,https://www.imdb.com/title/tt2802154/,movie,7.6,140,2014,"Crime, Drama",53873,2014-05-23,Andrey Zvyagintsev
tt2861424,9,2022-07-14,Rick and Morty,https://www.imdb.com/title/tt2861424/,tvSeries,9.2,23,2013,"Animation, Adventure, Comedy, Sci-Fi",514572,2013-12-02,
tt2872718,7,2022-10-14,Nightcrawler,https://www.imdb.com/title/tt2872718/,movie,7.8,117,2014,"Crime, Drama, Thriller",544381,2014-09-05,Dan Gilroy
tt0299977,7,2022-10-11,Ying xiong,https://www.imdb.com/title/tt0299977/,movie,7.9,120,2002,"Action, Adventure, Drama, History",181882,2002-10-24,Yimou Zhang
tt3072482,7,2021-08-04,Hardcore Henry,https://www.imdb.com/title/tt3072482/,movie,6.7,96,2015,"Action, Adventure, Sci-Fi, Thriller",96261,2015-09-12,Ilya Naishuller
tt3079380,8,2021-09-12,Spy,https://www.imdb.com/title/tt3079380/,movie,7.0,120,2015,"Action, Comedy",245955,2015-03-15,Paul Feig
tt0308196,6,2022-06-20,Dyadya Vanya,https://www.imdb.com/title/tt0308196/,tvMovie,7.6,,1987,"Drama, Romance",46,,Georgi Tovstonogov
tt3086442,4,2022-10-08,"Ich seh, Ich seh",https://www.imdb.com/title/tt3086442/,movie,6.7,99,2014,"Horror, Mystery, Thriller",54844,2014-08-30,"Veronika Franz, Severin Fiala"
tt3210258,7,2022-03-19,Bo Burnham: what.,https://www.imdb.com/title/tt3210258/,tvSpecial,8.3,60,2013,"Comedy, Music",12133,2013-12-16,"Christopher Storer, Bo Burnham"
tt3235888,7,2021-09-26,It Follows,https://www.imdb.com/title/tt3235888/,movie,6.8,100,2014,"Horror, Mystery, Thriller",243226,2014-05-17,David Robert Mitchell
tt3262342,9,2021-12-29,Loving Vincent,https://www.imdb.com/title/tt3262342/,movie,7.8,94,2017,"Animation, Biography, Crime, Drama, Mystery",58378,2017-06-12,"Dorota Kobiela, Hugh Welchman"
tt3281548,8,2022-09-20,Little Women,https://www.imdb.com/title/tt3281548/,movie,7.8,135,2019,"Drama, Romance",203587,2019-12-07,Greta Gerwig
tt3315342,8,2021-08-01,Logan,https://www.imdb.com/title/tt3315342/,movie,8.1,137,2017,"Action, Drama, Sci-Fi, Thriller",758538,2017-02-17,James Mangold
tt3316960,6,2022-04-10,Still Alice,https://www.imdb.com/title/tt3316960/,movie,7.5,101,2014,Drama,135797,2014-09-08,"Richard Glatzer, Wash Westmoreland"
tt0033467,9,2021-07-27,Citizen Kane,https://www.imdb.com/title/tt0033467/,movie,8.3,119,1941,"Drama, Mystery",441690,1941-05-01,Orson Welles
tt0335245,7,2022-02-01,The Ladykillers,https://www.imdb.com/title/tt0335245/,movie,6.2,104,2004,"Comedy, Crime, Thriller",105398,2004-03-26,"Ethan Coen, Joel Coen"
tt0338013,8,2021-07-26,Eternal Sunshine of the Spotless Mind,https://www.imdb.com/title/tt0338013/,movie,8.3,108,2004,"Drama, Romance, Sci-Fi",1002778,2004-03-09,Michel Gondry
tt3397884,7,2022-05-05,Sicario,https://www.imdb.com/title/tt3397884/,movie,7.6,121,2015,"Action, Crime, Drama, Mystery, Thriller",428924,2015-05-19,Denis Villeneuve
tt3450958,5,2021-09-26,War for the Planet of the Apes,https://www.imdb.com/title/tt3450958/,movie,7.4,140,2017,"Action, Adventure, Drama, Sci-Fi, Thriller",257565,2017-07-07,Matt Reeves
tt0034583,9,2021-08-03,Casablanca,https://www.imdb.com/title/tt0034583/,movie,8.5,102,1942,"Drama, Romance, War",570033,1942-11-26,Michael Curtiz
tt3460252,9,2021-07-27,The Hateful Eight,https://www.imdb.com/title/tt3460252/,movie,7.8,168,2015,"Crime, Drama, Mystery, Thriller, Western",597141,2015-12-07,Quentin Tarantino
tt3464902,9,2021-07-26,The Lobster,https://www.imdb.com/title/tt3464902/,movie,7.1,119,2015,"Drama, Romance, Sci-Fi, Thriller",256290,2015-05-15,Yorgos Lanthimos
tt0347149,8,2021-07-30,Hauru no ugoku shiro,https://www.imdb.com/title/tt0347149/,movie,8.2,119,2004,"Animation, Adventure, Family, Fantasy",393675,2004-09-05,Hayao Miyazaki
tt3521134,8,2022-07-08,The Look of Silence,https://www.imdb.com/title/tt3521134/,movie,8.3,103,2014,"Documentary, Biography, History",13059,2014-08-28,Joshua Oppenheimer
tt3553976,9,2021-07-30,Captain Fantastic,https://www.imdb.com/title/tt3553976/,movie,7.8,118,2016,"Comedy, Drama",219375,2016-01-23,Matt Ross
tt3560686,6,2021-07-28,Durak,https://www.imdb.com/title/tt3560686/,movie,8.0,116,2014,"Crime, Drama, Thriller",14658,2014-08-09,Yuriy Bykov
tt3612616,10,2021-07-26,Mommy,https://www.imdb.com/title/tt3612616/,movie,8.0,139,2014,Drama,57405,2014-05-22,Xavier Dolan
tt0361748,7,2021-07-27,Inglourious Basterds,https://www.imdb.com/title/tt0361748/,movie,8.3,153,2009,"Adventure, Drama, War",1437331,2009-05-20,Quentin Tarantino
tt0362270,9,2021-09-20,The Life Aquatic with Steve Zissou,https://www.imdb.com/title/tt0362270/,movie,7.2,119,2004,"Action, Adventure, Comedy, Drama, Romance",198075,2004-11-20,Wes Anderson
tt0364569,4,2022-05-16,Oldeuboi,https://www.imdb.com/title/tt0364569/,movie,8.4,120,2003,"Action, Drama, Mystery, Thriller",576923,2003-11-21,Park Chan-wook
tt3655448,9,2021-07-30,The Young Pope,https://www.imdb.com/title/tt3655448/,tvMiniSeries,8.3,546,2016,Drama,44196,2016-09-03,
tt3709746,8,2021-07-29,Tim Minchin and the Heritage Orchestra,https://www.imdb.com/title/tt3709746/,video,8.4,153,2011,Comedy,391,2011-12-31,Matt Askem
tt3718778,10,2021-07-26,Over the Garden Wall,https://www.imdb.com/title/tt3718778/,tvMiniSeries,8.8,22,2014,"Animation, Short, Adventure, Comedy, Drama, Family, Fantasy, Horror, Mystery",56650,2014-11-03,
tt0375912,8,2022-04-05,Layer Cake,https://www.imdb.com/title/tt0375912/,movie,7.3,105,2004,"Action, Crime, Drama, Thriller",182860,2004-10-01,Matthew Vaughn
tt0378194,8,2021-07-27,Kill Bill: Vol. 2,https://www.imdb.com/title/tt0378194/,movie,8.0,137,2004,"Action, Crime, Thriller",754210,2004-04-08,Quentin Tarantino
tt3783958,6,2022-09-20,La La Land,https://www.imdb.com/title/tt3783958/,movie,8.0,128,2016,"Comedy, Drama, Music, Musical, Romance",583969,2016-08-31,Damien Chazelle
tt3808342,5,2022-05-07,Saul fia,https://www.imdb.com/title/tt3808342/,movie,7.4,107,2015,"Drama, War",49151,2015-05-15,László Nemes
tt0383028,9,2021-07-26,"Synecdoche, New York",https://www.imdb.com/title/tt0383028/,movie,7.5,124,2008,Drama,92293,2008-05-23,Charlie Kaufman
tt3850590,5,2022-03-23,Krampus,https://www.imdb.com/title/tt3850590/,movie,6.2,98,2015,"Comedy, Drama, Fantasy, Horror",73495,2015-11-30,Michael Dougherty
tt3890160,7,2022-09-20,Baby Driver,https://www.imdb.com/title/tt3890160/,movie,7.6,113,2017,"Action, Crime, Drama, Music",534521,2017-03-11,Edgar Wright
tt4034228,10,2022-01-18,Manchester by the Sea,https://www.imdb.com/title/tt4034228/,movie,7.8,137,2016,Drama,282034,2016-01-23,Kenneth Lonergan
tt4044364,6,2022-07-10,Citizenfour,https://www.imdb.com/title/tt4044364/,movie,8.0,114,2014,"Documentary, Biography, History",55925,2014-10-10,Laura Poitras
tt4062536,7,2022-05-24,Green Room,https://www.imdb.com/title/tt4062536/,movie,7.0,95,2015,"Crime, Drama, Horror, Music, Thriller",125104,2015-05-17,Jeremy Saulnier
tt0416449,8,2022-04-05,300,https://www.imdb.com/title/tt0416449/,movie,7.6,117,2006,"Action, Drama",819055,2006-12-09,Zack Snyder
tt4263482,9,2021-07-28,The VVitch: A New-England Folktale,https://www.imdb.com/title/tt4263482/,movie,6.9,92,2015,"Drama, Fantasy, Horror, Mystery, Thriller",262079,2015-01-23,Robert Eggers
tt0432283,7,2021-07-27,Fantastic Mr. Fox,https://www.imdb.com/title/tt0432283/,movie,7.9,87,2009,"Animation, Adventure, Comedy, Crime, Drama, Family",232189,2009-10-14,Wes Anderson
tt0443706,6,2021-08-11,Zodiac,https://www.imdb.com/title/tt0443706/,movie,7.7,157,2007,"Crime, Drama, Mystery, Thriller",540278,2007-02-28,David Fincher
tt0446029,7,2022-09-20,Scott Pilgrim vs. the World,https://www.imdb.com/title/tt0446029/,movie,7.5,112,2010,"Action, Comedy, Fantasy, Romance",425977,2010-07-27,Edgar Wright
tt0449059,8,2021-07-26,Little Miss Sunshine,https://www.imdb.com/title/tt0449059/,movie,7.8,101,2006,"Comedy, Drama",481116,2006-01-20,"Jonathan Dayton, Valerie Faris"
tt0450385,8,2021-07-26,1408,https://www.imdb.com/title/tt0450385/,movie,6.8,104,2007,"Fantasy, Horror, Mystery",275402,2007-06-12,Mikael Håfström
tt0457430,5,2022-07-08,El laberinto del fauno,https://www.imdb.com/title/tt0457430/,movie,8.2,118,2006,"Drama, Fantasy, War",667747,2006-05-27,Guillermo del Toro
tt0467406,9,2022-06-04,Juno,https://www.imdb.com/title/tt0467406/,movie,7.5,96,2007,"Comedy, Drama",523015,2007-09-01,Jason Reitman
tt0468569,8,2021-07-30,The Dark Knight,https://www.imdb.com/title/tt0468569/,movie,9.0,152,2008,"Action, Crime, Drama, Thriller",2632575,2008-07-14,Christopher Nolan
tt0469494,9,2022-01-31,There Will Be Blood,https://www.imdb.com/title/tt0469494/,movie,8.2,158,2007,Drama,584814,2007-09-27,Paul Thomas Anderson
tt0470752,8,2022-04-05,Ex Machina,https://www.imdb.com/title/tt0470752/,movie,7.7,108,2014,"Drama, Sci-Fi, Thriller",543994,2014-12-16,Alex Garland
tt0047478,8,2021-07-27,Shichinin no samurai,https://www.imdb.com/title/tt0047478/,movie,8.6,207,1954,"Action, Drama",345340,1954-04-26,Akira Kurosawa
tt0477348,7,2021-07-30,No Country for Old Men,https://www.imdb.com/title/tt0477348/,movie,8.2,122,2007,"Crime, Drama, Thriller",967169,2007-05-19,"Ethan Coen, Joel Coen"
tt0479884,7,2022-02-26,Crank,https://www.imdb.com/title/tt0479884/,movie,6.9,88,2006,"Action, Crime, Thriller",250480,2006-08-31,"Brian Taylor, Mark Neveldine"
tt0480249,7,2022-03-19,I Am Legend,https://www.imdb.com/title/tt0480249/,movie,7.2,101,2007,"Action, Drama, Sci-Fi, Thriller",756329,2007-12-05,Francis Lawrence
tt4908644,9,2022-01-21,Winter on Fire: Ukraine's Fight for Freedom,https://www.imdb.com/title/tt4908644/,movie,8.3,102,2015,Documentary,19244,2015-09-03,Evgeny Afineevsky
tt4972582,8,2021-09-26,Split,https://www.imdb.com/title/tt4972582/,movie,7.3,117,2016,"Horror, Thriller",495872,2016-09-26,M. Night Shyamalan
tt0050083,10,2021-08-05,12 Angry Men,https://www.imdb.com/title/tt0050083/,movie,9.0,96,1957,"Crime, Drama",785350,1957-04-10,Sidney Lumet
tt5013056,5,2022-06-22,Dunkirk,https://www.imdb.com/title/tt5013056/,movie,7.8,106,2017,"Action, Drama, History, Thriller, War",654126,2017-07-13,Christopher Nolan
tt5027774,8,2022-06-22,"Three Billboards Outside Ebbing, Missouri",https://www.imdb.com/title/tt5027774/,movie,8.1,115,2017,"Comedy, Crime, Drama",504434,2017-09-04,Martin McDonagh
tt5052448,7,2021-07-26,Get Out,https://www.imdb.com/title/tt5052448/,movie,7.7,104,2017,"Horror, Mystery, Thriller",603630,2017-01-23,Jordan Peele
tt5083738,9,2021-07-26,The Favourite,https://www.imdb.com/title/tt5083738/,movie,7.5,119,2018,"Biography, Comedy, Drama, History",200544,2018-08-30,Yorgos Lanthimos
tt5104604,8,2021-10-08,Isle of Dogs,https://www.imdb.com/title/tt5104604/,movie,7.8,101,2018,"Animation, Adventure, Comedy, Drama, Sci-Fi",168987,2018-02-15,Wes Anderson
tt5109784,8,2021-07-26,Mother!,https://www.imdb.com/title/tt5109784/,movie,6.6,121,2017,"Drama, Horror, Mystery",226597,2017-09-05,Darren Aronofsky
tt5192124,9,2021-07-29,Bo Burnham: Make Happy,https://www.imdb.com/title/tt5192124/,tvSpecial,8.3,60,2016,"Comedy, Music",15316,2016-06-03,"Christopher Storer, Bo Burnham"
tt0052357,6,2022-06-17,Vertigo,https://www.imdb.com/title/tt0052357/,movie,8.3,128,1958,"Mystery, Romance, Thriller",401927,1958-05-09,Alfred Hitchcock
tt0053779,3,2022-06-10,La dolce vita,https://www.imdb.com/title/tt0053779/,movie,8.0,174,1960,"Comedy, Drama",73679,1960-02-03,Federico Fellini
tt0056058,8,2022-05-09,Seppuku,https://www.imdb.com/title/tt0056058/,movie,8.6,133,1962,"Action, Drama, Mystery",57118,1962-09-16,Masaki Kobayashi
tt5715874,7,2022-05-24,The Killing of a Sacred Deer,https://www.imdb.com/title/tt5715874/,movie,7.0,121,2017,"Drama, Horror, Mystery, Thriller",155002,2017-05-22,Yorgos Lanthimos
tt5727208,5,2022-07-03,Uncut Gems,https://www.imdb.com/title/tt5727208/,movie,7.4,135,2019,"Crime, Drama, Thriller",280679,2019-08-30,"Josh Safdie, Benny Safdie"
tt0060196,8,2022-05-11,"Il buono, il brutto, il cattivo",https://www.imdb.com/title/tt0060196/,movie,8.8,161,1966,"Adventure, Western",758276,1966-12-23,Sergio Leone
tt6257970,6,2022-08-14,The End of the F***ing World,https://www.imdb.com/title/tt6257970/,tvSeries,8.1,25,2017,"Adventure, Comedy, Crime, Drama, Romance, Thriller",189275,2017-10-24,
tt0062759,6,2021-07-27,Brilliantovaya ruka,https://www.imdb.com/title/tt0062759/,movie,8.3,94,1969,"Adventure, Comedy, Crime",14888,1969-04-28,Leonid Gaidai
tt6304046,3,2021-11-14,Thelma,https://www.imdb.com/title/tt6304046/,movie,7.0,116,2017,"Drama, Fantasy, Horror, Mystery, Romance, Sci-Fi, Thriller",32909,2017-08-20,Joachim Trier
tt6333060,10,2022-01-17,Icarus,https://www.imdb.com/title/tt6333060/,movie,7.9,120,2017,"Documentary, Sport",50394,2017-01-20,Bryan Fogel
tt6334354,5,2022-04-22,The Suicide Squad,https://www.imdb.com/title/tt6334354/,movie,7.2,132,2021,"Action, Adventure, Comedy, Sci-Fi",347377,2021-07-28,James Gunn
tt6412452,8,2022-02-01,The Ballad of Buster Scruggs,https://www.imdb.com/title/tt6412452/,movie,7.3,133,2018,"Comedy, Drama, Musical, Mystery, Romance, Western",148044,2018-08-31,"Ethan Coen, Joel Coen"
tt6723592,6,2021-07-27,Tenet,https://www.imdb.com/title/tt6723592/,movie,7.3,150,2020,"Action, Sci-Fi, Thriller",498262,2020-08-22,Christopher Nolan
tt6751668,8,2021-08-01,Gisaengchung,https://www.imdb.com/title/tt6751668/,movie,8.5,132,2019,"Drama, Thriller",789583,2019-05-21,Bong Joon Ho
tt6857112,8,2021-07-26,Us,https://www.imdb.com/title/tt6857112/,movie,6.8,116,2019,"Horror, Mystery, Thriller",297537,2019-03-08,Jordan Peele
tt0068646,9,2021-07-30,The Godfather,https://www.imdb.com/title/tt0068646/,movie,9.2,175,1972,"Crime, Drama",1843257,1972-03-14,Francis Ford Coppola
tt6966692,7,2022-06-22,Green Book,https://www.imdb.com/title/tt6966692/,movie,8.2,130,2018,"Biography, Comedy, Drama, Music",486952,2018-09-11,Peter Farrelly
tt6998518,6,2021-08-08,Mandy,https://www.imdb.com/title/tt6998518/,movie,6.5,121,2018,"Action, Fantasy, Horror",79846,2018-01-19,Panos Cosmatos
tt7014006,8,2021-09-18,Eighth Grade,https://www.imdb.com/title/tt7014006/,movie,7.4,93,2018,"Comedy, Drama",76189,2018-01-19,Bo Burnham
tt7014378,6,2022-07-10,Le sommet des dieux,https://www.imdb.com/title/tt7014378/,movie,7.5,95,2021,"Animation, Adventure, Drama, Mystery, Sport",6307,2021-07-10,Patrick Imbert
tt7131622,7,2021-07-27,Once Upon a Time... in Hollywood,https://www.imdb.com/title/tt7131622/,movie,7.6,161,2019,"Comedy, Drama",728028,2019-05-21,Quentin Tarantino
tt0071562,9,2022-06-22,The Godfather Part II,https://www.imdb.com/title/tt0071562/,movie,9.0,202,1974,"Crime, Drama",1262772,1974-12-12,Francis Ford Coppola
tt0072443,6,2021-07-28,Zerkalo,https://www.imdb.com/title/tt0072443/,movie,8.0,107,1975,"Biography, Drama",47156,1975-03-07,Andrei Tarkovsky
tt7286456,8,2021-07-27,Joker,https://www.imdb.com/title/tt7286456/,movie,8.4,122,2019,"Crime, Drama, Thriller",1262956,2019-08-31,Todd Phillips
tt0073486,8,2022-04-05,One Flew Over the Cuckoo's Nest,https://www.imdb.com/title/tt0073486/,movie,8.7,133,1975,Drama,1003432,1975-11-19,Milos Forman
tt0074486,4,2021-07-27,Eraserhead,https://www.imdb.com/title/tt0074486/,movie,7.3,89,1977,"Fantasy, Horror",117203,1977-03-19,David Lynch
tt7455754,7,2022-01-22,The Game Changers,https://www.imdb.com/title/tt7455754/,movie,7.8,86,2018,Documentary,20372,2018-01-19,Louie Psihoyos
tt0758758,6,2022-02-12,Into the Wild,https://www.imdb.com/title/tt0758758/,movie,8.1,148,2007,"Adventure, Biography, Drama",622405,2007-09-01,Sean Penn
tt0762073,6,2021-07-27,Bakjwi,https://www.imdb.com/title/tt0762073/,movie,7.1,134,2009,"Drama, Fantasy, Horror, Romance",47640,2009-04-30,Park Chan-wook
tt7653254,6,2022-04-05,Marriage Story,https://www.imdb.com/title/tt7653254/,movie,7.9,137,2019,"Drama, Romance",307479,2019-08-29,Noah Baumbach
tt7775622,9,2022-01-27,Free Solo,https://www.imdb.com/title/tt7775622/,movie,8.1,100,2018,"Documentary, Adventure, Sport",68728,2018-08-31,"Jimmy Chin, Elizabeth Chai Vasarhelyi"
tt0780536,6,2022-06-21,In Bruges,https://www.imdb.com/title/tt0780536/,movie,7.9,107,2008,"Comedy, Crime, Drama, Thriller",425871,2008-01-17,Martin McDonagh
tt0078748,6,2021-08-13,Alien,https://www.imdb.com/title/tt0078748/,movie,8.5,117,1979,"Horror, Sci-Fi",877946,1979-05-25,Ridley Scott
tt0078788,7,2021-07-30,Apocalypse Now,https://www.imdb.com/title/tt0078788/,movie,8.5,147,1979,"Drama, Mystery, War",665076,1979-05-19,Francis Ford Coppola
tt0790636,7,2022-07-03,Dallas Buyers Club,https://www.imdb.com/title/tt0790636/,movie,7.9,117,2013,"Biography, Drama",488078,2013-09-07,Jean-Marc Vallée
tt7939766,7,2021-07-26,I'm Thinking of Ending Things,https://www.imdb.com/title/tt7939766/,movie,6.6,134,2020,"Drama, Thriller",86617,2020-08-28,Charlie Kaufman
tt7984734,7,2021-07-30,The Lighthouse,https://www.imdb.com/title/tt7984734/,movie,7.4,109,2019,"Drama, Fantasy, Horror, Mystery, Thriller",216095,2019-05-19,Robert Eggers
tt0808417,7,2022-06-15,Persepolis,https://www.imdb.com/title/tt0808417/,movie,8.0,96,2007,"Animation, Biography, Drama, History, War",95210,2007-05-23,"Vincent Paronnaud, Marjane Satrapi"
tt0081505,9,2021-08-08,The Shining,https://www.imdb.com/title/tt0081505/,movie,8.4,146,1980,"Drama, Horror",1015884,1980-05-23,Stanley Kubrick
tt0816692,7,2022-06-22,Interstellar,https://www.imdb.com/title/tt0816692/,movie,8.6,169,2014,"Adventure, Drama, Sci-Fi",1805318,2014-10-26,Christopher Nolan
tt8228288,4,2022-06-22,El hoyo,https://www.imdb.com/title/tt8228288/,movie,7.0,94,2019,"Horror, Sci-Fi, Thriller",223699,2019-09-06,Galder Gaztelu-Urrutia
tt0827517,9,2022-07-14,Reprise,https://www.imdb.com/title/tt0827517/,movie,7.3,105,2006,Drama,13270,2006-07-03,Joachim Trier
tt0082933,4,2022-06-30,Possession,https://www.imdb.com/title/tt0082933/,movie,7.3,124,1981,"Drama, Horror",32944,1981-05-25,Andrzej Zulawski
tt0831387,6,2021-08-04,Godzilla,https://www.imdb.com/title/tt0831387/,movie,6.4,123,2014,"Action, Adventure, Sci-Fi",414533,2014-05-08,Gareth Edwards
tt0083658,7,2022-01-16,Blade Runner,https://www.imdb.com/title/tt0083658/,movie,8.1,117,1982,"Action, Drama, Sci-Fi, Thriller",766578,1982-06-25,Ridley Scott
tt8430054,6,2022-04-28,Flugt,https://www.imdb.com/title/tt8430054/,movie,7.9,89,2021,"Documentary, Animation, Biography, Drama",16553,2021-01-28,Jonas Poher Rasmussen
tt0084787,8,2021-10-31,The Thing,https://www.imdb.com/title/tt0084787/,movie,8.2,109,1982,"Horror, Mystery, Sci-Fi",424266,1982-06-25,John Carpenter
tt0848228,7,2022-03-19,The Avengers,https://www.imdb.com/title/tt0848228/,movie,8.0,143,2012,"Action, Adventure, Sci-Fi",1384792,2012-04-11,Joss Whedon
tt8503618,10,2021-07-26,Hamilton,https://www.imdb.com/title/tt8503618/,movie,8.4,160,2020,"Biography, Drama, History, Musical",93899,2020-07-03,Thomas Kail
tt0851578,6,2022-06-10,Papurika,https://www.imdb.com/title/tt0851578/,movie,7.7,90,2006,"Animation, Drama, Fantasy, Mystery, Sci-Fi, Thriller",83975,2006-09-02,Satoshi Kon
tt0085809,7,2022-07-06,Koyaanisqatsi,https://www.imdb.com/title/tt0085809/,movie,8.2,86,1982,"Documentary, Music",38773,1982-04-27,Godfrey Reggio
tt0086979,3,2022-05-06,Blood Simple,https://www.imdb.com/title/tt0086979/,movie,7.6,99,1984,"Crime, Drama, Thriller",97378,1984-03-26,"Ethan Coen, Joel Coen"
tt8721424,5,2022-04-22,"tick, tick...BOOM!",https://www.imdb.com/title/tt8721424/,movie,7.5,120,2021,"Biography, Drama, Musical",105163,2021-11-10,Lin-Manuel Miranda
tt0087332,6,2021-07-28,Ghostbusters,https://www.imdb.com/title/tt0087332/,movie,7.8,105,1984,"Action, Comedy, Fantasy, Sci-Fi",415314,1984-06-07,Ivan Reitman
tt0087544,7,2022-05-27,Kaze no tani no Naushika,https://www.imdb.com/title/tt0087544/,movie,8.0,117,1984,"Animation, Adventure, Sci-Fi",169642,1984-03-11,Hayao Miyazaki
tt0088178,8,2021-08-09,Stop Making Sense,https://www.imdb.com/title/tt0088178/,movie,8.6,88,1984,"Documentary, Music",15603,1984-04-24,Jonathan Demme
tt8847712,9,2021-11-21,The French Dispatch,https://www.imdb.com/title/tt8847712/,movie,7.2,107,2021,"Comedy, Drama, Romance",120016,2021-07-12,Wes Anderson
tt0088763,7,2022-06-22,Back to the Future,https://www.imdb.com/title/tt0088763/,movie,8.5,116,1985,"Adventure, Comedy, Sci-Fi",1195990,1985-07-03,Robert Zemeckis
tt0887883,7,2021-07-28,Burn After Reading,https://www.imdb.com/title/tt0887883/,movie,7.0,96,2008,"Comedy, Crime, Drama, Thriller",332997,2008-08-27,"Ethan Coen, Joel Coen"
tt8946378,8,2022-09-20,Knives Out,https://www.imdb.com/title/tt8946378/,movie,7.9,130,2019,"Comedy, Crime, Drama, Mystery, Thriller",620078,2019-09-07,Rian Johnson
tt8980602,6,2021-07-28,The Kid Detective,https://www.imdb.com/title/tt8980602/,movie,7.0,100,2020,"Comedy, Drama, Mystery",19142,2020-09-13,Evan Morgan
tt0903747,10,2021-07-27,Breaking Bad,https://www.imdb.com/title/tt0903747/,tvSeries,9.5,49,2008,"Crime, Drama, Thriller",1859744,2008-01-20,
tt9056818,6,2022-07-14,Last Breath,https://www.imdb.com/title/tt9056818/,movie,7.7,90,2019,Documentary,6202,2019-02-28,"Alex Parkinson, Richard da Costa"
tt0090728,7,2021-10-29,Big Trouble in Little China,https://www.imdb.com/title/tt0090728/,movie,7.2,99,1986,"Action, Adventure, Comedy, Fantasy",141698,1986-07-02,John Carpenter
tt9098872,7,2022-06-25,The Rescue,https://www.imdb.com/title/tt9098872/,movie,8.3,107,2021,"Documentary, Action, Mystery, Thriller",16293,2021-09-02,"Jimmy Chin, Elizabeth Chai Vasarhelyi"
tt0091251,8,2021-07-28,Idi i smotri,https://www.imdb.com/title/tt0091251/,movie,8.4,142,1985,"Drama, Thriller, War",79709,1985-07-09,Elem Klimov
tt0918927,8,2021-07-26,Doubt,https://www.imdb.com/title/tt0918927/,movie,7.5,104,2008,"Drama, Mystery",130234,2008-10-30,John Patrick Shanley
tt0092117,5,2022-04-05,True Stories,https://www.imdb.com/title/tt0092117/,movie,7.2,89,1986,"Comedy, Musical",6794,1986-08-31,David Byrne
tt0093058,8,2022-04-05,Full Metal Jacket,https://www.imdb.com/title/tt0093058/,movie,8.3,116,1987,"Drama, War",740180,1987-06-17,Stanley Kubrick
tt9316022,10,2022-01-28,Struggle: The Life and Lost Art of Szukalski,https://www.imdb.com/title/tt9316022/,movie,7.9,115,2018,"Documentary, Biography",4303,2018-12-21,Ireneusz Dobrowolski
tt9351980,8,2022-04-28,American Factory,https://www.imdb.com/title/tt9351980/,movie,7.4,110,2019,Documentary,22117,2019-01-25,"Steven Bognar, Julia Reichert"
tt0093870,7,2021-11-06,RoboCop,https://www.imdb.com/title/tt0093870/,movie,7.6,102,1987,"Action, Crime, Sci-Fi, Thriller",259475,1987-07-17,Paul Verhoeven
tt0094089,8,2021-07-29,Swimming to Cambodia,https://www.imdb.com/title/tt0094089/,movie,7.6,85,1987,"Comedy, Drama",2232,1987-03-13,Jonathan Demme
tt0944947,8,2022-07-14,Game of Thrones,https://www.imdb.com/title/tt0944947/,tvSeries,9.2,57,2011,"Action, Adventure, Drama, Fantasy",2080233,2011-04-16,
tt0094625,7,2022-06-13,Akira,https://www.imdb.com/title/tt0094625/,movie,8.0,124,1988,"Animation, Action, Drama, Fantasy, Sci-Fi, Thriller",186879,1988-07-16,Katsuhiro Ôtomo
tt0947798,10,2022-07-01,Black Swan,https://www.imdb.com/title/tt0947798/,movie,8.0,108,2010,"Drama, Thriller",764764,2010-09-01,Darren Aronofsky
tt0095327,7,2022-04-06,Hotaru no haka,https://www.imdb.com/title/tt0095327/,movie,8.5,89,1988,"Animation, Drama, War",276205,1988-04-16,Isao Takahata
tt9561862,8,2022-07-14,"Love, Death & Robots",https://www.imdb.com/title/tt9561862/,tvSeries,8.4,15,2019,"Animation, Short, Action, Adventure, Comedy, Drama, Fantasy, Horror, Mystery, Sci-Fi, Thriller",167847,2019-03-15,
tt9620292,8,2021-09-18,Promising Young Woman,https://www.imdb.com/title/tt9620292/,movie,7.5,113,2020,"Crime, Drama, Mystery, Thriller",171906,2020-01-25,Emerald Fennell
tt0096283,7,2022-05-02,Tonari no Totoro,https://www.imdb.com/title/tt0096283/,movie,8.1,86,1988,"Animation, Comedy, Family, Fantasy",338196,1988-04-16,Hayao Miyazaki
tt9684220,9,2022-01-29,Bad Trip,https://www.imdb.com/title/tt9684220/,movie,6.5,86,2021,Comedy,25110,2021-03-26,Kitao Sakurai
tt0978762,5,2021-07-27,Mary and Max.,https://www.imdb.com/title/tt0978762/,movie,8.1,92,2009,"Animation, Comedy, Drama",177588,2009-01-15,Adam Elliot
tt0986233,5,2021-07-27,Hunger,https://www.imdb.com/title/tt0986233/,movie,7.5,96,2008,"Biography, Crime, Drama, Thriller",70764,2008-05-15,Steve McQueen
tt0098936,8,2021-07-30,Twin Peaks,https://www.imdb.com/title/tt0098936/,tvSeries,8.8,47,1990,"Crime, Drama, Mystery, Thriller",197530,1989-09-28,
tt0993846,8,2022-03-25,The Wolf of Wall Street,https://www.imdb.com/title/tt0993846/,movie,8.2,180,2013,"Biography, Comedy, Crime, Drama",1394318,2013-12-09,Martin Scorsese
tt0099487,5,2022-06-22,Edward Scissorhands,https://www.imdb.com/title/tt0099487/,movie,7.9,105,1990,"Drama, Fantasy, Romance",490676,1990-12-06,Tim Burton
tt0099528,9,2021-07-26,The Exorcist III,https://www.imdb.com/title/tt0099528/,movie,6.5,110,1990,"Drama, Horror, Mystery",32998,1990-08-17,William Peter Blatty
tt0099685,8,2021-08-04,Goodfellas,https://www.imdb.com/title/tt0099685/,movie,8.7,145,1990,"Biography, Crime, Drama",1152499,1990-09-09,Martin Scorsese
